Date,Month,Year,Day,updated_at
1-Jan-2024,Jan,2024,1,2024-07-29 06:45:10.792 -0700
2-Jan-2024,Jan,2024,2,2024-07-29 06:45:10.792 -0700
3-Jan-2024,Jan,2024,3,2024-07-29 06:45:10.792 -0700
4-Jan-2024,Jan,2024,4,2024-07-29 06:45:10.792 -0700
5-Jan-2024,Jan,2024,5,2024-07-29 06:45:10.792 -0700
6-Jan-2024,Jan,2024,6,2024-07-29 06:45:10.792 -0700
7-Jan-2024,Jan,2024,7,2024-07-29 06:45:10.792 -0700
8-Jan-2024,Jan,2024,8,2024-07-29 06:45:10.792 -0700
9-Jan-2024,Jan,2024,9,2024-07-29 06:45:10.792 -0700
10-Jan-2024,Jan,2024,10,2024-07-29 06:45:10.792 -0700
11-Jan-2024,Jan,2024,11,2024-07-29 06:45:10.792 -0700
12-Jan-2024,Jan,2024,12,2024-07-29 06:45:10.792 -0700
13-Jan-2024,Jan,2024,13,2024-07-29 06:45:10.792 -0700
14-Jan-2024,Jan,2024,14,2024-07-29 06:45:10.792 -0700
15-Jan-2024,Jan,2024,15,2024-07-29 06:45:10.792 -0700
16-Jan-2024,Jan,2024,16,2024-07-29 06:45:10.792 -0700
17-Jan-2024,Jan,2024,17,2024-07-29 06:45:10.792 -0700
18-Jan-2024,Jan,2024,18,2024-07-29 06:45:10.792 -0700
19-Jan-2024,Jan,2024,19,2024-07-29 06:45:10.792 -0700
20-Jan-2024,Jan,2024,20,2024-07-29 06:45:10.792 -0700
21-Jan-2024,Jan,2024,21,2024-07-29 06:45:10.792 -0700
22-Jan-2024,Jan,2024,22,2024-07-29 06:45:10.792 -0700
23-Jan-2024,Jan,2024,23,2024-07-29 06:45:10.792 -0700
24-Jan-2024,Jan,2024,24,2024-07-29 06:45:10.792 -0700
25-Jan-2024,Jan,2024,25,2024-07-29 06:45:10.792 -0700
26-Jan-2024,Jan,2024,26,2024-07-29 06:45:10.792 -0700
27-Jan-2024,Jan,2024,27,2024-07-29 06:45:10.792 -0700
28-Jan-2024,Jan,2024,28,2024-07-29 06:45:10.792 -0700
29-Jan-2024,Jan,2024,29,2024-07-29 06:45:10.792 -0700
30-Jan-2024,Jan,2024,30,2024-07-29 06:45:10.792 -0700
31-Jan-2024,Jan,2024,31,2024-07-29 06:45:10.792 -0700